﻿Designator,Footprint,Quantity,Value,LCSC Part #
"C1, C13, C6, C7, C8",0603,5,100n,
"C2, C3, C4",CP_Elec_6.3x5.8,3,100u,
C5,0603,1,10u,
D2,LED_WS2812B_PLCC4_5.0x5.0mm_P3.2mm,1,WS2812B,
"D4, D5",0603,2,GREEN_LED,
J1,PinHeader_1x06_P2.54mm_Vertical,1,TOF 2,
J12,PinHeader_1x03_P2.54mm_Vertical,1,SERVO m3,
J2,PinHeader_1x06_P2.54mm_Vertical,1,TOF 3,
J3,PinHeader_1x03_P2.54mm_Vertical,1,SERVO m2,
J4,PinHeader_1x03_P2.54mm_Vertical,1,SERVO m1,
J5,PinSocket_1x09_P2.54mm_Vertical,1,COMM_inter_mcu,
J6,PinHeader_1x06_P2.54mm_Vertical,1,TOF 1,
J7,PinHeader_1x02_P2.54mm_Vertical,1,Conn_01x02,
J8,JST_VH_B2P-VH_1x02_P3.96mm_Vertical,1,Alim_6V,
J9,PinHeader_1x04_P2.54mm_Vertical,1,Conn_I2C,
"R1, R2",0603,2,2.2k,
R12,0603,1,1k,
R13,0603,1,330R,
R3,0603,1,470R,
"R4, R5, R6, R7",0603,4,10k,
SW1,SW_SPDT_PCM12,1,DEBUG,
SW2,SW_SPDT_PCM12,1,TERRAIN,
SW3,SW_SPDT_PCM12,1,MODE,
U1,DIP-30_W25.4mm_LongPads_esp32,1,ESP32,
